nomedoaluno,nummatricula,numsemestre
aluno_1,matricula = 49,semestre = 5
aluno_2,matricula = 43,semestre = 6
aluno_3,matricula = 37,semestre = 12
aluno_4,matricula = 25,semestre = 12
aluno_5,matricula = 5,semestre = 7
aluno_6,matricula = 11,semestre = 3
aluno_7,matricula = 22,semestre = 10
aluno_8,matricula = 100,semestre = 7
aluno_9,matricula = 99,semestre = 7
aluno_10,matricula = 97,semestre = 7
aluno_11,matricula = 51,semestre = 5
aluno_12,matricula = 59,semestre = 9
aluno_13,matricula = 39,semestre = 4
aluno_14,matricula = 20,semestre = 12
aluno_15,matricula = 79,semestre = 1
aluno_16,matricula = 75,semestre = 0
aluno_17,matricula = 100,semestre = 5
aluno_18,matricula = 40,semestre = 5
aluno_19,matricula = 2,semestre = 6
aluno_20,matricula = 80,semestre = 5
aluno_21,matricula = 14,semestre = 12
aluno_22,matricula = 72,semestre = 4
aluno_23,matricula = 43,semestre = 4
aluno_24,matricula = 21,semestre = 4
aluno_25,matricula = 57,semestre = 12
aluno_26,matricula = 97,semestre = 5
aluno_27,matricula = 97,semestre = 1
aluno_28,matricula = 4,semestre = 1
aluno_29,matricula = 52,semestre = 10
aluno_30,matricula = 84,semestre = 0
aluno_31,matricula = 21,semestre = 3
aluno_32,matricula = 82,semestre = 0
aluno_33,matricula = 41,semestre = 12
aluno_34,matricula = 91,semestre = 9
aluno_35,matricula = 89,semestre = 10
aluno_36,matricula = 67,semestre = 8
aluno_37,matricula = 29,semestre = 6
aluno_38,matricula = 33,semestre = 1
aluno_39,matricula = 29,semestre = 9
aluno_40,matricula = 56,semestre = 5
aluno_41,matricula = 58,semestre = 6
aluno_42,matricula = 21,semestre = 10
aluno_43,matricula = 57,semestre = 0
aluno_44,matricula = 92,semestre = 0
aluno_45,matricula = 85,semestre = 1
aluno_46,matricula = 7,semestre = 0
aluno_47,matricula = 38,semestre = 0
aluno_48,matricula = 8,semestre = 7
aluno_49,matricula = 85,semestre = 8
aluno_50,matricula = 100,semestre = 2
aluno_51,matricula = 44,semestre = 3
aluno_52,matricula = 38,semestre = 12
aluno_53,matricula = 83,semestre = 2
aluno_54,matricula = 32,semestre = 8
aluno_55,matricula = 14,semestre = 9
aluno_56,matricula = 65,semestre = 0
aluno_57,matricula = 94,semestre = 1
aluno_58,matricula = 91,semestre = 4
aluno_59,matricula = 1,semestre = 5
aluno_60,matricula = 64,semestre = 10
aluno_61,matricula = 17,semestre = 7
aluno_62,matricula = 40,semestre = 12
aluno_63,matricula = 90,semestre = 7
aluno_64,matricula = 54,semestre = 10
aluno_65,matricula = 34,semestre = 6
aluno_66,matricula = 9,semestre = 12
aluno_67,matricula = 100,semestre = 2
aluno_68,matricula = 58,semestre = 2
aluno_69,matricula = 81,semestre = 10
aluno_70,matricula = 13,semestre = 8
aluno_71,matricula = 25,semestre = 6
aluno_72,matricula = 44,semestre = 6
aluno_73,matricula = 9,semestre = 4
aluno_74,matricula = 28,semestre = 11
aluno_75,matricula = 59,semestre = 11
aluno_76,matricula = 92,semestre = 5
aluno_77,matricula = 64,semestre = 0
aluno_78,matricula = 57,semestre = 6
aluno_79,matricula = 12,semestre = 1
aluno_80,matricula = 20,semestre = 8
aluno_81,matricula = 9,semestre = 5
aluno_82,matricula = 35,semestre = 7
aluno_83,matricula = 32,semestre = 11
aluno_84,matricula = 42,semestre = 9
aluno_85,matricula = 28,semestre = 12
aluno_86,matricula = 67,semestre = 8
aluno_87,matricula = 61,semestre = 12
aluno_88,matricula = 63,semestre = 8
aluno_89,matricula = 37,semestre = 5
aluno_90,matricula = 6,semestre = 0
aluno_91,matricula = 8,semestre = 8
aluno_92,matricula = 27,semestre = 8
aluno_93,matricula = 8,semestre = 4
aluno_94,matricula = 9,semestre = 9
aluno_95,matricula = 21,semestre = 6
aluno_96,matricula = 66,semestre = 6
aluno_97,matricula = 93,semestre = 5
aluno_98,matricula = 25,semestre = 4
aluno_99,matricula = 73,semestre = 12
aluno_100,matricula = 20,semestre = 7
